"","x"
"mu",0.00613000988960266
"d.1",2.61712757670202
"d.2",2.1499217049311
"d.3",2.77529681629598
"d.4",2.3624093769591
"d.5",2.32874018913792
"d.6",2.3821020610974
"d.7",1.92128926831032
"d.8",2.53173901841515
"d.9",1.86546338914886
"d.10",2.41037244453812
"d.11",2.56246819287757
"d.12",2.67976917312189
"d.13",0.236802102799603
"d.14",1.37836644416907
"d.15",1.59703990639624
"d.16",1.21950919922234
"d.17",-1.11043152434343
"d.18",1.43983833249315
"d.19",-11.9221850298504
"d.20",-1.14464381889379
"d.21",-11.9702468812912
"d.22",-12.1019550647055
"d.23",-12.0982079677934
"d.24",-11.8949645053468
"d.25",-12.0442276561717
"d.26",-11.9355276184535
"d.27",1.40171438044649
"d.28",-12.1775524123056
"d.29",0.467826422504158
"d.30",1.60193040408166
"d.31",1.84448888646205
"d.32",2.0109192701641
"d.33",1.78745443927583
"d.34",1.22772922365694
"d.35",1.89886100270424
"d.36",2.26920670874948
"d.37",0.216828964833269
"d.38",1.72208276609278
"d.39",1.65699288337213
"d.40",1.55560836142431
"d.41",2.23709545293679
"d.42",0.661486258875102
"d.43",0.445222853119485
"d.44",1.27417478952386
"d.45",1.23930636662189
"d.46",1.66907046458249
"d.47",1.62316930880738
"d.48",-12.1913251663971
"d.49",-12.2249514696187
"d.50",1.55505617903194
"d.51",1.87367349609042
"d.52",1.17809632785336
"d.53",0.722170871660171
"d.54",1.94459236382202
"d.55",-0.0432028470352294
"d.56",1.70639670845471
"d.57",2.1185837575913
"d.58",1.94876187957723
"d.59",-12.0120210923119
"d.60",1.64874965903938
"d.61",2.1997144000078
"d.62",1.89651950295727
"d.63",2.31310269418857
"d.64",2.10268568407317
"d.65",1.83940426691574
"d.66",2.45883373834332
"d.67",2.26346867105963
"d.68",2.10477300504002
"d.69",2.68147460812327
"d.70",2.59598364149384
"d.71",2.44739208160991
"d.72",2.08894275542216
"d.73",2.75955114910795
"d.74",2.18268828929787
"d.75",1.69183309918714
"d.76",2.17871780813148
"d.77",1.73429369246231
"d.78",2.58047017057669
"d.79",2.32814650910739
"d.80",2.24826412465886
"d.81",2.51251786987739
"d.82",1.6397309332739
"d.83",2.10821678069242
"d.84",2.21071618081818
"d.85",2.29435379007225
"d.86",2.01055065033046
"d.87",2.52295981551367
"d.88",2.63777086183076
"d.89",2.33105709346825
"d.90",2.27498006225592
"d.91",0.758865074903035
"d.92",2.5912375744956
"d.93",2.37538688415111
"d.94",2.05707085088759
"d.95",2.09439088195394
"d.96",2.03448802675583
"d.97",2.05483192927006
"d.98",1.94315255149467
"d.99",2.05098598277606
"d.100",-12.0521243682358
"d.101",-12.3694128664494
"d.102",0.930713402221944
"d.103",-2.82130562618172
"d.104",1.50723916159733
"d.105",1.54152155592249
"d.106",-12.2315430618374
"d.107",0.563552012494022
"d.108",1.22772697528131
"d.109",1.10133224556756
"d.110",1.73693556258531
"d.111",1.91130386725999
"d.112",1.82715799984956
"d.113",1.77767761993661
"d.114",1.74640804599885
"d.115",2.01896035110421
"d.116",1.1945040344555
"d.117",1.06780149330699
"d.118",1.34078665175157
"d.119",1.45447165168241
"d.120",1.99678712668846
"d.121",2.28098145530074
"d.122",2.14799901405561
"d.123",1.55277999305467
"d.124",1.87583717942192
"d.125",1.24213426028209
"d.126",0.804289460560755
"d.127",1.58260565413001
"d.128",1.65028507233449
"d.129",1.66466952030843
"d.130",1.90183477373361
"d.131",0.911704145599014
"d.132",0.576785061070707
"d.133",1.66251193120948
"d.134",-0.516290512990621
"d.135",1.76887274393132
"d.136",-12.221640841807
"d.137",-1.38394881817135
"d.138",2.08636988292242
"d.139",2.21436897607721
"d.140",1.1827591850245
"d.141",0.192184765091859
"d.142",0.377013894391135
"d.143",-12.3462508557544
"d.144",1.89440055233286
"d.145",1.67121271629818
"d.146",2.15286619314712
"d.147",2.31143846818686
"d.148",2.31037082929975
"d.149",2.44631855543369
"d.150",1.85549329872193
"d.151",2.54895263856011
"d.152",2.26756567626121
"d.153",2.46107744007542
"d.154",2.72957139580187
"d.155",2.69987028573201
"d.156",2.68904265451161
"d.157",2.60730635738913
"d.158",2.26369942143777
"d.159",2.09146298028993
"d.160",2.18256199114662
"d.161",2.01856210739698
"d.162",2.39573917330931
"d.163",2.33479644870262
"d.164",2.74852349304382
"d.165",2.64823811965579
"d.166",3.11992082567745
"d.167",2.81302253253419
"d.168",2.62412724130596
"d.169",1.74615705331954
"d.170",2.61784755881824
"d.171",3.14119660471052
"d.172",2.73664410648551
"d.173",2.14063937967781
"d.174",2.41314115021379
"d.175",2.04131339616363
"d.176",2.32543532370079
"d.177",2.06515426382477
"d.178",2.21044366154657
"d.179",2.11886560925252
"d.180",2.23479542172797
"d.181",2.43917468419149
"d.182",2.36234427904328
"d.183",2.71363822395934
"d.184",2.84094370501948
"d.185",2.39166755769757
"d.186",2.03025303264996
"d.187",2.29138207336361
"d.188",2.46438676203308
"d.189",1.66314215139596
"d.190",2.22499666062897
"d.191",1.61638940728719
"d.192",0.0310362974115087
"d.193",2.49991385366687
"d.194",2.80247006320371
"d.195",2.56780336531506
"d.196",2.76704241034986
"d.197",2.84590441976676
"d.198",2.55906730082055
"d.199",2.43423240915639
"d.200",2.09385075521578
"d.201",1.97995174890071
"d.202",1.93693304994969
"d.203",1.83136535022763
"d.204",2.31814568432574
"d.205",2.21553473983994
"d.206",2.74324943111931
"d.207",2.40559939128582
"d.208",2.09877542037281
"d.209",2.49411132453662
"d.210",2.46622998004071
"d.211",2.60741275087812
"d.212",2.68050302639961
"d.213",1.7966424489571
"d.214",2.39034734878642
"d.215",2.06292136014036
"d.216",2.39188412466096
"d.217",2.12467957845902
"d.218",1.88552768617743
"d.219",1.95658664501735
"d.220",1.70544108159411
"d.221",1.81701963358802
"d.222",1.77907444024052
"d.223",2.38385767211756
"d.224",1.62740464969628
"d.225",2.12175415959586
"d.226",1.79294989355996
"d.227",1.98711362967884
"d.228",2.0767436795621
"d.229",1.76344458722576
"d.230",1.89315617580489
"d.231",1.90065375937947
"d.232",2.25722038566116
"d.233",2.15273581369677
"d.234",2.24866839532131
"d.235",2.82273930780452
"d.236",2.02175706686738
"d.237",2.15037569349083
"d.238",3.31174547531026
"d.239",1.83927575388413
"d.240",2.04900861531976
"d.241",2.28390933747619
"d.242",2.08459231721242
"d.243",2.83522523405468
"d.244",2.8495112404352
"d.245",1.61159992363084
"d.246",2.15427116552658
"d.247",2.48637025687781
"d.248",2.20338215471806
"d.249",2.25482588277346
"d.250",2.37478889480114
"d.251",0.778854032029284
"d.252",2.18357430353388
"d.253",2.38497349241433
"d.254",2.48566432826999
"d.255",2.20139106026573
"d.256",2.52270968915947
"d.257",2.82311887206564
"d.258",2.7296324215317
"d.259",3.17603590655353
"d.260",2.47868309501007
"d.261",2.71457726127778
"d.262",2.43927427716001
"d.263",2.2197257035798
"d.264",1.70652986196474
"d.265",2.14540526688494
"d.266",1.8236203785342
"d.267",2.79131038248185
"d.268",2.87255647321313
"d.269",2.88916830692958
"d.270",2.97231358442635
"d.271",2.48287152367166
"d.272",2.24599364196774
"d.273",1.80765179687417
"d.274",2.6912183877475
"d.275",2.80882672034061
"d.276",2.84441285282316
"d.277",2.96398264338153
"d.278",2.64047084274126
"d.279",2.93884560515342
"d.280",2.76740455044032
"d.281",2.51663629656994
"d.282",2.63977570970947
"d.283",2.11992605111025
"d.284",2.29300764825811
"d.285",2.23431419296373
"d.286",2.04228864849137
"d.287",2.13280243113687
"d.288",1.85823526997421
"d.289",2.07116968042704
"d.290",1.55278003568719
"d.291",2.29488996593658
"d.292",2.4126352730321
"d.293",1.44379189417654
"d.294",1.5216931678312
"d.295",1.83039506551917
"d.296",-0.542871000471604
"d.297",-12.1740810743407
"d.298",-12.1947420022976
"d.299",0.272511861287561
"d.300",1.78198259397652
"d.301",-12.2183190687622
"d.302",-12.1775550635927
"d.303",2.29794106068624
"d.304",0.845906430835789
"d.305",1.71359234944595
"d.306",-11.9955216427306
"d.307",-12.032272872865
"d.308",2.14282294958346
"d.309",2.25190953087845
"d.310",1.9583608871176
"d.311",-0.28404051892254
"d.312",1.08577709925227
"d.313",2.10393299515093
"d.314",-0.236412254387227
"d.315",2.12749779403977
"d.316",2.38654533538089
"d.317",2.80419230689372
"d.318",2.00668379854333
"d.319",2.90358785547328
"d.320",3.12350441705701
"d.321",1.95724265832653
"d.322",2.67845982228775
"d.323",2.82808684224015
"d.324",2.80935422014418
"d.325",2.54586135829331
"d.326",2.27300369030296
"d.327",2.7484588775045
"d.328",3.37135652269448
"d.329",3.31107192758224
"d.330",2.98209515469061
"d.331",3.08728968601474
"d.332",2.972905162654
"d.333",2.79363665081343
"d.334",2.64477027126019
"d.335",2.90601038432184
"d.336",1.6449296793343
"d.337",2.36236192202196
"d.338",2.36866481971657
"d.339",2.35050491354382
"d.340",2.56506099228253
"d.341",2.69338000030285
"d.342",2.17446296033386
"d.343",1.99844799527556
"d.344",2.35898115562349
"d.345",0.961780614867043
"d.346",1.51919727975607
"d.347",2.29411940431198
"d.348",1.55034801224705
"d.349",1.90430544868427
"d.350",2.01518014347367
"d.351",1.89055499782094
"d.352",2.20594724037437
"d.353",2.95773919611319
"d.354",3.184577124944
"d.355",2.43484669047937
"d.356",2.25626396933228
"d.357",1.87959502857802
"d.358",1.08871299250141
"d.359",1.2298641831261
"d.360",1.11527181273143
"d.361",1.06026049259814
"d.362",1.16242291656303
"d.363",2.99652718274307
"d.364",2.87612567337071
"d.365",1.91378314215879
"d.366",3.05337207690133
"d.367",2.39568004343469
"d.368",2.18928781721793
"d.369",2.55932048379563
"d.370",2.36468266948019
"d.371",2.52088196184787
"d.372",2.47938762896931
"d.373",1.63400730279948
"d.374",0.709443332474943
"d.375",0.488597668568082
"d.376",2.4260809308333
"d.377",0.633420629167388
"d.378",2.73275444123152
"d.379",0.490783965516611
"d.380",1.58493054631522
"d.381",2.01615909606799
"d.382",1.86071029258976
"d.383",1.94173546761644
"d.384",1.80901431391904
"d.385",1.18546453258366
"d.386",1.51108226780861
"d.387",-0.0180795531182429
"d.388",-11.9399326028076
"d.389",-0.466437188512374
"d.390",0.179989710453344
"d.391",-12.0754313411125
"d.392",1.06414621855097
"d.393",0.269999620300808
"d.394",0.793664161450695
"d.395",0.280004588307603
"d.396",-1.39311371750976
"d.397",-12.0161043753105
"d.398",0.1473692007595
"d.399",-11.9659734619074
"d.400",-0.372650191156692
"d.401",1.66104151454875
"d.402",0.192278059674711
"d.403",0.622752793157787
"d.404",-12.0599513733613
"d.405",-12.0481836578813
"d.406",-11.9955217984867
"d.407",0.00311509291419421
"d.408",0.530058177257849
"d.409",-11.9787468731662
"d.410",-11.9871694479956
"d.411",-11.9266564391281
"d.412",-1.43747489223496
"d.413",-11.9955235050079
"d.414",-11.9221882571147
"d.415",-11.9616822488243
"d.416",-11.917701700629
"d.417",-11.9573683040304
"d.418",-11.9266542235612
"d.419",-11.9310996622094
"d.420",-11.9041240096692
"d.421",-11.9996740282623
"d.422",-11.9311017123967
"d.423",-12.0362769758394
"d.424",-11.9266550698357
"d.425",-12.0079227221287
"d.426",-12.0038062273628
"d.427",-11.9616794660351
"d.428",-11.9399333781322
"d.429",-11.9573678618398
"d.430",-11.9616834110457
"d.431",-0.794980344513875
"d.432",-11.9530400836268
"d.433",1.2266523972204
"d.434",1.41645080983886
"d.435",1.85835486088365
"d.436",2.84960231726239
"d.437",-0.563948071609221
"d.438",3.47333600733559
"d.439",2.62016006521547
"d.440",1.92196404997674
"d.441",-12.0830839177391
"d.442",-1.43915494569044
"d.443",1.41587335503005
"d.444",1.09178152701633
"d.445",1.31228345986248
"d.446",1.21309804891254
"d.447",0.375329896809065
"d.448",2.31582609223916
"d.449",-0.388693316584919
"d.450",0.483369564942492
"d.451",-11.9955256992313
"d.452",-12.0038092719806
"d.453",0.0657132978996293
"d.454",1.95254109638137
"d.455",2.20978769178101
"d.456",2.01126701448232
"d.457",1.60500523018944
"d.458",0.916742454190325
"d.459",1.24086627067423
"d.460",2.12978456261227
"d.461",1.97065333176847
"d.462",2.52319322019552
"d.463",2.11421888293253
"d.464",2.24659519572365
"d.465",2.76776062900697
"d.466",0.699055834903637
"d.467",2.02926081493283
"d.468",1.66531610715663
"d.469",1.20730269506177
"d.470",1.92371776294415
"d.471",1.23874099732167
"d.472",0.623331271978051
"d.473",-0.358543455867506
"d.474",0.703849827146952
"d.475",0.0889313145980439
"d.476",0.174491737176534
"d.477",0.803910817774559
"d.478",1.13832548103428
"d.479",2.34020261913267
"d.480",2.25693774196884
"d.481",2.59132481593842
"d.482",3.23328081546444
"d.483",2.50781248956261
"d.484",2.3128620164677
"d.485",2.57153725737701
"d.486",3.15060561115135
"d.487",1.64698416154057
"d.488",1.85210453001493
"d.489",2.404903964575
"d.490",3.15148844949052
"d.491",1.96741149617846
"d.492",2.15298054552683
"d.493",2.00832386220772
"d.494",2.93939490244493
"d.495",1.78699197181107
"d.496",0.994746795308593
"d.497",0.340006920542254
"d.498",0.750105864587522
"d.499",0.390571367837642
"d.500",0.248202950012453
"d.501",0.505551572195248
"d.502",0.739556546904883
"d.503",0.183766665135431
"d.504",0.732571406948621
"d.505",0.263581229523645
"d.506",0.128009377737849
"d.507",0.394386481058272
"d.508",-1.09289634408644
"d.509",-0.526256239959025
"d.510",-0.76930996201997
"d.511",-11.8903511039798
"d.512",-0.661197856583831
"d.513",-0.0219779263977023
"d.514",0.641045324083485
"d.515",-0.0412689204870338
"d.516",-11.890352580033
"d.517",-11.9955248025608
"d.518",-11.9745079364256
"d.519",-0.0825752007051887
"d.520",-12.0599538234236
"d.521",0.920264621332232
"d.522",0.244387052913338
"d.523",0.936891375522675
"d.524",-0.24643489350033
"d.525",0.0983751199119769
"d.526",-0.635564321428132
"d.527",1.65934528964272
"d.528",2.4202705817273
"d.529",2.46830998810256
"d.530",-0.19495804045102
"d.531",-0.584324955984536
"d.532",0.683115623868574
"d.533",-0.337841737883132
"d.534",0.816179295419398
"d.535",-11.9311026392996
"d.536",-12.0038091552502
"d.537",-11.9659767778362
"d.538",-12.0161086744975
"d.539",1.36117108822375
"d.540",0.0586053857701626
"d.541",-2.73800486962039
"d.542",1.55797819072691
"d.543",-11.9131975273672
"d.544",-1.11909400572264
"d.545",-11.948689818015
"d.546",-2.73365172539806
"d.547",-2.72489206930745
"d.548",-11.9355266395639
"d.549",-11.9221882705709
"d.550",-1.09289924445045
"d.551",-2.02721202905757
"d.552",-1.09289993058604
"d.553",-11.9659752896517
"d.554",-1.60835818769354
"d.555",-1.097310914594
"d.556",-0.526258709058023
"d.557",-0.333654466350598
"d.558",-11.9041229453619
"d.559",-1.1060785871419
"d.560",-1.3424381707851
"d.561",-1.10607742574688
"d.562",-1.31168700421164
"d.563",-0.648492391008342
"d.564",-1.11043451095584
"d.565",-1.59943971165511
"d.566",0.623172242196868
"d.567",-0.0431526755539117
"d.568",-0.648493143030118
"d.569",-0.441737888906698
"d.570",-0.287462595545689
"d.571",-0.639932015342576
"d.572",0.263580588925917
"d.573",-0.530513764814849
"d.574",0.405488321630784
"d.575",-0.112425137799923
"d.576",-0.420718198250742
"d.577",-1.59944058749907
"d.578",-0.526258626104314
"d.579",-2.00945533780928
"d.580",-0.337840273146081
"d.581",-0.648489940549533
"d.582",-1.6039076147282
"d.583",-0.777933810882129
"d.584",-0.337842193759114
"d.585",-0.777934877115682
"d.586",0.0313371473820475
"d.587",-0.0632628846462994
"d.588",-0.186812027489902
"d.589",0.263582693630485
"d.590",-0.194958116170311
"d.591",-0.530508919919384
"d.592",0.295137190163246
"d.593",1.05291929307496
"d.594",0.0665573327312526
"d.595",-0.12457775435457
"d.596",1.97384922031122
"d.597",0.210540460612819
"d.598",0.472337711995719
"d.599",0.183770681940625
"d.600",-0.424954474643615
"d.601",-0.534746339852771
"d.602",-0.42495288243977
"d.603",-0.530509459232696
"d.604",-0.639935735112958
"d.605",-0.0390853641966742
"d.606",-0.424955832858649
"d.607",-0.534748989208368
"d.608",-0.534745395122908
"d.609",-1.11043119368702
"d.610",-0.00629897454156912
"d.611",-0.267137349003606
"d.612",0.255866233301831
"d.613",-0.178608901619887
"d.614",0.128007837443802
"d.615",-0.927943331391755
"d.616",-0.342014207634014
"d.617",-1.59943915482444
"d.618",-1.09730882085878
"d.619",-1.31613480381565
"d.620",-0.648490799094574
"d.621",-0.773631132866189
"d.622",-0.521988008146923
"d.623",-0.329449655660468
"d.624",-0.639935102822584
"d.625",-0.914875298371994
"d.626",-0.9236079182145
"d.627",-0.424955559245176
"d.628",-0.769309107205097
"d.629",0.0825646457739757
"d.630",-0.769308839929255
"d.631",-0.648489771230463
"d.632",-1.32056481683287
"d.633",-0.246432244512986
"d.634",-0.521986462910964
"d.635",-1.99593353967092
"d.636",-0.639934731453214
"d.637",-0.526255568863343
"d.638",-0.777933507698085
"d.639",-1.09289856241592
"d.640",-0.919251073221855
"d.641",-2.00046113760081
"d.642",-1.09289982782011
"d.643",-0.764973098715783
"d.644",-1.60390761181323
"d.645",-2.01392306301462
"d.646",-0.433379375345261
"d.647",2.17328958609576
"d.648",2.01546909837658
"d.649",2.29050255023841
"d.650",2.29591181019999
"d.651",1.93570120465406
"d.652",1.74108116721493
"d.653",2.0007257024994
"d.654",1.44514635780241
"d.655",2.44830776606396
"d.656",1.64732918312906
"d.657",2.16221903066859
"d.658",2.79510055460679
"d.659",2.87938867624597
"d.660",2.79834843467532
"d.661",2.23416201267137
"d.662",2.90488739362765
"d.663",1.79068920730417
"d.664",1.77159554336492
"d.665",1.49949619005141
"d.666",2.68794683622962
"d.667",2.7790051876032
"d.668",2.94202994322281
"d.669",2.79302471037998
"d.670",2.76885207885551
"d.671",2.7044350744588
"d.672",2.60724009367287
"d.673",2.85647949952603
"d.674",2.69184623450842
"d.675",2.67957868683398
"d.676",2.40840533411467
"d.677",2.05410095200381
"d.678",1.33193921768637
"d.679",2.37968645703317
"d.680",2.81129556056422
"d.681",2.32016161930167
"d.682",2.75991743642453
"d.683",2.08227913987014
"d.684",2.01271499942369
"d.685",2.09007450607895
"d.686",2.09443844748286
"d.687",2.34233548051229
"d.688",2.90093368990293
"d.689",2.85538924459801
"d.690",2.62331500510774
"d.691",1.70932347684418
"d.692",1.57538139599267
"d.693",2.29683741573224
"d.694",2.30910737252546
"d.695",2.33681586829402
"d.696",2.16187380487089
"d.697",2.29464736833501
"d.698",2.0329689558295
"d.699",2.82482628919614
"d.700",2.51463097093429
"d.701",2.52254853653581
"d.702",2.63252678406574
"d.703",2.35558108541924
"d.704",2.39444120094511
"d.705",2.64532027384045
"d.706",2.08141443080025
"d.707",2.64096784889238
"d.708",1.93329113923786
"d.709",2.34311985715576
"d.710",2.42267920518634
"d.711",2.82262616191005
"d.712",2.61010366032813
"d.713",2.18219266453538
"d.714",2.37051465304591
"d.715",2.3791526882959
"d.716",2.58992843601809
"d.717",2.58331084050335
"d.718",2.1231812995621
"d.719",2.44163701593026
"d.720",2.29626399723149
"d.721",2.2633866502869
"d.722",2.00072363646383
"d.723",1.51852500454444
"d.724",0.619683670274629
"d.725",1.95650452790079
"d.726",2.47145346884032
"d.727",2.28212226309875
"d.728",2.14052649301951
"d.729",1.91490476315918
"d.730",2.84651972989511
"d.731",2.36456258335381
"d.732",1.94523281624904
"d.733",1.85247713655955
"d.734",1.48003712058412
"d.735",2.25441951981482
"d.736",-0.677910370770537
"d.737",-0.342014260077769
"d.738",1.21000498727098
"d.739",0.893869472607113
"d.740",0.712787078918528
"d.741",1.25620649420896
"d.742",1.80865749793166
"d.743",2.10020014522127
"d.744",1.85097935133043
"d.745",1.54792607413176
"d.746",1.84953880551099
"d.747",1.80348777523451
"d.748",2.01207767067464
"d.749",-0.53158364750377
"d.750",-11.9131951773487
"d.751",0.714989318962089
"d.752",1.39989468157825
"d.753",2.05856154882471
"d.754",1.62419534375924
"d.755",-12.1168027920495
"d.756",-12.1565313599238
"d.757",-12.214983126721
"d.758",-11.9871675273471
"d.759",0.685946807678933
"d.760",-12.0754330143841
"d.761",-12.0982116559424
"d.762",-12.0599523658439
"d.763",-12.0442304972566
"d.764",2.3182243750609
"d.765",0.48980160687717
"d.766",2.04661199741564
"d.767",2.23246466211893
"d.768",2.49338508639129
"d.769",1.88767884028193
"d.770",2.36202838704831
"d.771",2.64805037169009
"d.772",2.55429919131549
"d.773",2.21802796965103
"d.774",1.89625425970575
"d.775",2.68905761970356
"d.776",1.85982673724606
"d.777",1.99590179262429
"d.778",2.6812164793075
"d.779",2.09202576179302
"d.780",2.33784310221156
"d.781",2.39838767829853
"d.782",2.36266154429447
"d.783",2.09686401620614
"d.784",2.91555040707391
"d.785",2.88749784349985
"d.786",2.20018408392033
"d.787",2.4337309957779
"d.788",2.54198558245846
"d.789",2.04306383342481
"d.790",1.81740594416772
"d.791",2.29217357697997
"d.792",2.79723317569377
"d.793",2.79238167159312
"d.794",2.66752099681952
"d.795",2.641596691303
"d.796",1.60993221790731
"d.797",2.07902620623358
"d.798",0.679778896698966
"d.799",3.03139943954298
"d.800",2.80949558884929
"d.801",2.44066049044172
"d.802",2.27321852638751
"d.803",2.61883380849733
"d.804",2.98490566614991
"d.805",3.03396180634828
"d.806",3.03355864400323
"d.807",2.66816655051646
"d.808",2.75472454589636
"d.809",2.8281255190292
"d.810",2.42341618693349
"d.811",2.82599094484131
"d.812",2.8538409961801
"d.813",2.01231872786598
"d.814",2.65753490997703
"d.815",2.4867634407049
"d.816",3.10228223903079
"d.817",2.78409559233176
"d.818",2.03964110137791
"d.819",2.96376048287967
"d.820",1.74844495619192
"d.821",2.12287086201235
"d.822",1.94942649604424
"d.823",2.80833794516269
"d.824",2.67367536307813
"d.825",3.33590214665996
"d.826",2.64395664965613
"d.827",2.68097528342327
"d.828",2.55239085616546
"d.829",2.27778882571709
"d.830",2.26689565621178
"d.831",2.18698908212647
"d.832",2.3485056894929
"d.833",2.26854424194934
"d.834",2.71629439300696
"d.835",2.81650692713532
"d.836",2.6259279705141
"d.837",2.66582770641919
"d.838",-0.0104515606170986
"d.839",0.618820202029286
"d.840",-12.1670972235349
"d.841",1.89042784254667
"d.842",1.93633581618139
"d.843",1.48207787247029
"d.844",1.77857616291392
"d.845",1.7726561606191
"d.846",1.7735755383252
"d.847",2.49938328993221
"d.848",1.88143049311233
"d.849",1.24175584020444
"d.850",1.68738005027112
"d.851",2.35136377470521
"d.852",1.41796892450679
"d.853",2.13743781476121
"d.854",2.05748929499763
"d.855",1.70331362583632
"d.856",2.51927597036381
"d.857",2.64928596870715
"d.858",2.44969322370004
"d.859",1.6593216264393
"d.860",1.83620989679226
"d.861",2.28048546865585
"d.862",1.94513580282293
"d.863",2.51560318868652
"d.864",2.34008390067367
"d.865",2.40747314346341
"d.866",2.5519134312278
"d.867",2.29979330938889
"d.868",2.26188326727625
"d.869",2.58054902738254
"d.870",2.07208653183541
"d.871",2.33206821162594
"d.872",2.33619429822781
"d.873",2.91618285502808
"d.874",2.45894003435714
"d.875",0.900493751105157
"d.876",1.62172625016767
"d.877",2.35867102947354
"d.878",1.51264181945007
"d.879",1.79756200836188
"d.880",1.4687186301436
"d.881",2.21868458034068
"d.882",2.09393055047531
"d.883",-12.1494246748009
"d.884",-0.169661296876594
"d.885",2.53650903142835
"d.886",1.55070549989289
"d.887",1.77375754368686
"d.888",2.12407588191613
"d.889",-12.251063312605
"d.890",0.580418927554738
"d.891",1.37573508573525
"d.892",0.913516366098625
"d.893",0.635000307986775
"d.894",1.07968330073484
"d.895",1.46712449179889
"d.896",-0.075158858168721
"d.897",1.77002792563013
"d.898",2.04620955127309
"d.899",1.02004344916574
"d.900",1.59251436705065
"d.901",1.75368372198078
"d.902",0.898063683184285
"d.903",1.82007912632597
"d.904",1.50173987055782
"d.905",1.49162442881237
"d.906",1.84793591971803
"d.907",1.57663506585244
"d.908",1.40566545181555
"d.909",1.11473279716124
"d.910",0.336222478009767
"d.911",0.480962793541296
"d.912",-1.61277901973202
"d.913",0.831126755548759
"d.914",-0.517692514253719
"d.915",0.508635220745195
"d.916",2.25687015332518
"d.917",1.85379802721434
"d.918",2.07637694265377
"d.919",2.33424569373699
"d.920",2.19552182581435
"d.921",2.26856394083096
"d.922",2.48215757516646
"d.923",1.51255989593609
"d.924",2.42500533486819
"d.925",1.96493955393443
"d.926",1.29250732741802
"d.927",1.97571019863163
"d.928",1.02855453678904
"d.929",0.690616972195616
"d.930",0.861201254690134
"d.931",1.01596654571026
"d.932",0.785296670665299
"d.933",1.7204945956581
"d.934",-12.0120201741298
"d.935",0.634181961191817
"d.936",0.264265875883776
"d.937",-12.149423886947
"d.938",1.52865856789935
"d.939",0.574668552636695
"d.940",0.333428502004367
"d.941",0.121720286877328
"d.942",1.10284601445564
"d.943",0.929738719124352
"d.944",-1.61796189955132
"d.945",-12.1056869610608
"d.946",0.652259266861003
"d.947",1.131782610931
"d.948",0.917828511327419
"d.949",1.60723604670234
"d.950",0.272513520906893
"d.951",2.46341363806267
"d.952",1.85592799413986
"d.953",2.16313371568945
"d.954",2.29788119490925
"d.955",2.37555285321269
"d.956",1.95416027278373
"d.957",2.14713935186956
"d.958",2.09171061266046
"d.959",2.1916356357593
"d.960",2.64285092647742
"d.961",2.2370756315055
"d.962",2.03751804497924
"d.963",1.17646508813754
"d.964",1.08559560482076
"d.965",1.64939077691052
"d.966",2.12517362576215
"d.967",1.8364808457315
"d.968",1.77538500088688
"d.969",2.1403533289028
"d.970",1.77170112530727
"d.971",1.47464454525878
"d.972",-3.09595114781913
"d.973",-12.0982069536255
"d.974",-12.1981418519413
"d.975",-12.0638424078647
"d.976",-12.397627657244
"d.977",0.667534253293667
"d.978",-2.29281124702198
"d.979",0.939570382123529
"d.980",1.64482491848244
"d.981",0.872350174055001
"d.982",-0.753890582800741
"d.983",0.948549727209137
"d.984",1.21945347258559
"d.985",1.32727422133198
"d.986",1.83862492056818
"d.987",1.89956000922626
"d.988",1.94095474961968
"d.989",0.523534325268987
"d.990",0.381083354017201
"d.991",1.52854608574274
"d.992",1.19603194642399
"d.993",0.367936622045812
"d.994",-0.724110594595242
"d.995",2.1831813191754
"d.996",1.59965041241308
"d.997",-0.981875552980651
"d.998",0.849531291840424
"d.999",1.57745436849795
"d.1000",1.45601355958211
"d.1001",2.13955665722377
"d.1002",0.781400585290032
"d.1003",1.96107108359115
"d.1004",1.77774761737003
"d.1005",1.89839199641921
"d.1006",1.41104612628368
"d.1007",0.826300250481932
"d.1008",1.6371239627359
"d.1009",1.4116745513794
"d.1010",0.864478072550294
"d.1011",0.824720200156554
"d.1012",1.19171893501626
"d.1013",0.355297163163413
"d.1014",1.55698217664641
"d.1015",1.4669935640928
"d.1016",0.768315598137941
"d.1017",1.7497725147159
"d.1018",1.39313946560341
"d.1019",1.57760597659792
"d.1020",1.90040138809759
"d.1021",2.2568402226651
"d.1022",2.31549387183845
"d.1023",1.74573443370239
"d.1024",1.56285236978732
"d.1025",2.30279839805999
"d.1026",2.53530893171893
"d.1027",1.95688955836012
"d.1028",2.35424809167915
"d.1029",2.55992745095482
"d.1030",1.6042932127574
"d.1031",2.21465879960425
"d.1032",2.15363797011068
"d.1033",2.42697450289605
"d.1034",2.29698897847164
"d.1035",2.33675508315557
"d.1036",1.9758426127221
"d.1037",2.11182099921496
"d.1038",2.62814331142796
"d.1039",2.615383506605
"d.1040",2.49122006356049
"d.1041",2.01453213653028
"d.1042",1.80591537476364
"d.1043",1.62228761730931
"d.1044",2.23945346750934
"d.1045",2.69847354085619
"d.1046",1.99850021773307
"d.1047",2.23319238639801
"d.1048",2.14306348077188
"d.1049",2.18591419488278
"d.1050",2.39440270129169
"d.1051",2.05760235847253
"d.1052",1.96888990221639
"d.1053",1.77519372625395
"d.1054",1.59255593273611
"d.1055",1.81909886185587
"d.1056",1.63212337830396
"d.1057",1.94762810547495
"d.1058",2.2347148045171
"d.1059",1.85330636091084
"d.1060",1.56623087851305
"d.1061",0.768477986016868
"d.1062",0.916743813372255
"d.1063",0.581890665423532
"d.1064",1.48604060285771
"d.1065",1.4131419142876
"d.1066",1.40313297279685
"d.1067",1.29637483146532
"d.1068",1.44760381292942
"d.1069",-0.966232073241871
"d.1070",0.522411121038841
"d.1071",-12.0161056024989
"d.1072",0.916323439154859
"d.1073",-0.243451498435956
"d.1074",-12.0362750743896
"d.1075",-0.339252939897904
"d.1076",1.46941590672691
"d.1077",0.919981190625502
"d.1078",-0.194635679683334
"d.1079",-12.0982095242376
"d.1080",-0.0069837851024691
"d.1081",0.460416361138525
"d.1082",-12.1277942882696
"d.1083",-12.2216395430084
"d.1084",-12.2149825737751
"d.1085",1.953910713557
"d.1086",1.78311039845624
"d.1087",1.29774827915172
"d.1088",1.13837220303309
"d.1089",2.06351010122092
"d.1090",1.72591585513063
"d.1091",1.95635833210318
"d.1092",2.10177246963075
"d.1093",1.83047390033646
"d.1094",0.469698316407346
"d.1095",1.0520422084278
"d.1096",1.83802081135266
"d.1097",1.94053910414464
"d.1098",2.69389047408779
"d.1099",2.01187694940225
"d.1100",1.87118933245603
"d.1101",1.08865792734779
"d.1102",2.75882702469535
"d.1103",1.18407009505613
"d.1104",1.83819684345946
"d.1105",2.70781835336141
"d.1106",2.58203676368924
"d.1107",2.17174388916119
"d.1108",2.47134181504023
"d.1109",1.8152379051856
"d.1110",2.25183498061823
"d.1111",2.00278948866334
"d.1112",2.10225784059808
"d.1113",1.56878610023282
"d.1114",1.94367212552585
"d.1115",1.93570050953096
"d.1116",2.08886330591129
"d.1117",1.84660167270939
"d.1118",2.51860982235373
"d.1119",2.49699896476332
"d.1120",3.12771282942013
"d.1121",2.03385561311029
"d.1122",2.06308138775392
"d.1123",2.3125490771898
"d.1124",2.48759031775022
"d.1125",1.9083396276502
"d.1126",1.60441572393617
"d.1127",1.37788307436665
"d.1128",2.39600755517905
"d.1129",2.39222074347993
"d.1130",1.85975745442573
"d.1131",1.90177690792843
"d.1132",1.99064126317447
"d.1133",1.5973180481959
"d.1134",2.24185244541839
"d.1135",2.01064976779199
"d.1136",2.25113042073478
"d.1137",2.3469110209185
"d.1138",2.57125762196509
"d.1139",1.96519467909817
"d.1140",2.04177269526126
"d.1141",2.42239365874538
"d.1142",1.57310764516264
"d.1143",1.54428845124168
"d.1144",1.7223070995074
"d.1145",1.09754641021619
"d.1146",1.10450869792628
"d.1147",1.10133452285498
"d.1148",2.16188619047177
"d.1149",1.78547663404359
"d.1150",1.95723745000238
"d.1151",1.89152740206369
"d.1152",1.48955092450648
"d.1153",1.82091598917043
"d.1154",2.01968151808022
"d.1155",1.08562865409615
"d.1156",1.61720509152169
"d.1157",1.70899557210366
"d.1158",1.94660893680375
"d.1159",1.94708355618488
"d.1160",0.942553914072742
"d.1161",1.22877145475938
"d.1162",0.272510079293392
"d.1163",0.836174026288064
"d.1164",0.468687252665691
"d.1165",0.790266932163211
"d.1166",1.35959782772499
"d.1167",1.81263323276893
"d.1168",1.05454821777365
"d.1169",0.655533014292491
"d.1170",1.61734691600703
"d.1171",1.43382609817908
"d.1172",0.818345507609903
"d.1173",0.955145929293308
"d.1174",1.1155320160057
"d.1175",0.951884365741055
"d.1176",1.17460997076558
"d.1177",0.925323023572991
"d.1178",0.831372520998777
"d.1179",1.24095524868733
"d.1180",-0.0219760970070308
"d.1181",0.910391030918244
"d.1182",1.40230294818262
"d.1183",0.987211585044506
"d.1184",1.54387221840585
"d.1185",0.771976836232809
"d.1186",1.24798622100876
"d.1187",1.44772404749684
"d.1188",1.39678677290642
"d.1189",2.10730907585732
"d.1190",1.85417005544875
"d.1191",1.3314809855619
"d.1192",-12.221638445059
"d.1193",-12.1844634114718
"d.1194",-12.2249513161855
"d.1195",-12.0944469045397
"d.1196",-12.4544119628761
"d.1197",-12.3344636391619
"d.1198",-12.4854694859848
"d.1199",1.12316275906059
"d.1200",1.3515116533129
"d.1201",2.25271231641789
"d.1202",-0.0600437552292864
"d.1203",2.14410335588933
"d.1204",2.40134889332208
"d.1205",2.18170796280079
"d.1206",1.9298456183153
"d.1207",1.03783979013016
"d.1208",2.09324812477116
"d.1209",2.1665305989232
"d.1210",1.78299614803379
"d.1211",0.775866462588014
"d.1212",1.33113369683322
"d.1213",1.04669611860307
"d.1214",-12.3462486630712
"d.1215",-12.0906739422288
"d.1216",-12.3043786591535
"d.1217",-12.2249508651891
"d.1218",-12.3636706239414
"d.1219",-12.5056503593774
"d.1220",0.44539135269203
"d.1221",-0.0383445861765505
"d.1222",2.32897264212489
"d.1223",1.51194318947465
"d.1224",0.441137722741865
"d.1225",-1.06546011302613
"d.1226",2.14837670925402
"d.1227",0.401611246537838
"d.1228",1.65780005367337
"d.1229",1.70831463939384
"d.1230",1.93786605211426
"d.1231",1.95183536312099
"d.1232",2.60205399039062
"d.1233",2.09814541493804
"d.1234",2.12228567297689
"d.1235",2.03878901454315
"d.1236",1.84954991641121
"d.1237",1.93242660695475
"d.1238",2.23417623458631
"d.1239",2.21286075424721
"d.1240",2.73311602581817
"d.1241",1.65124296459786
"d.1242",2.05014152415076
"d.1243",1.54918508100635
"d.1244",2.00649681634329
"d.1245",2.27025168940115
"d.1246",2.18163213969766
"d.1247",1.98141327420028
"d.1248",1.32890977059245
"d.1249",0.883538701410392
"d.1250",0.858953082295972
"d.1251",1.88717242196888
"d.1252",1.33004506034506
"d.1253",1.49597715146381
"d.1254",0.0794607132496694
"d.1255",0.223504004964755
"d.1256",-12.2116378830736
"d.1257",-12.0038062692523
"d.1258",-12.1168020760788
"d.1259",0.33476712012493
"d.1260",-11.9443206477912
"d.1261",-11.9266525472819
"d.1262",-11.8995525030962
"d.1263",-11.9659730946904
"d.1264",-11.9787444110905
"d.1265",-11.9530374130939
"d.1266",-11.9177017706104
"d.1267",-12.0242226133161
"d.1268",-11.9913539341046
"d.1269",-11.9871688222701
"d.1270",-11.9702496737167
"d.1271",-11.9745061892816
"d.1272",-11.9829659216574
"d.1273",-11.9913545574341
"d.1274",-11.9702494635794
"d.1275",-12.0242225769736
"d.1276",-11.9355267923743
"d.1277",-11.9787453065378
"d.1278",-11.9659739570419
"d.1279",-11.9955229029792
"d.1280",-12.0038062885489
"d.1281",-12.0079237681668
"d.1282",-12.1019557959341
"d.1283",-12.1277948295626
"d.1284",-12.1879006126552
"d.1285",-12.1019550195152
"d.1286",-12.214982799123
"d.1287",-12.238093629534
"d.1288",-2.35517305726446
"d.1289",-12.2445985340119
"d.1290",-12.0599508150785
"d.1291",-12.0599506023889
"d.1292",-12.1913273591518
"d.1293",-12.0322732503901
"d.1294",-12.0242230157109
"d.1295",-11.9787456477634
"d.1296",-11.9996752074404
"d.1297",-12.0906762386206
"d.1298",-11.9177025885363
"d.1299",-11.9486905613896
"d.1300",-11.9486898964883
"d.1301",-11.9616811635111
"d.1302",-11.9311019070971
"d.1303",-12.1529862693332
"d.1304",-11.9829673214555
"d.1305",-12.0079226378624
"d.1306",-12.1204812793137
"d.1307",-11.9616812938275
"d.1308",-12.0242213674617
"d.1309",-11.9399331722087
"d.1310",-12.0038079339027
"d.1311",-12.0830815716469
"d.1312",-11.9787452101246
"d.1313",-11.974505910306
"d.1314",-12.0242229393039
"d.1315",-11.9573688540221
"d.1316",-11.9616812473369
"d.1317",-12.1422671568444
"d.1318",-12.3225399996092
"d.1319",-12.1879017080675
"d.1320",-12.1775542863243
"d.1321",-12.0362752734816
"d.1322",-12.1056885349992
"d.1323",-12.5006443291489
"d.1324",-12.3779605847423
"d.1325",-12.2796431560168
"d.1326",-12.2796438499139
"d.1327",-12.1131119948263
"d.1328",-12.247836385348
"d.1329",-12.2478357593296
"d.1330",-12.0521217668153
"d.1331",-12.1810155091522
"d.1332",-12.2796440105894
"d.1333",-12.1131132321668
"d.1334",-12.1600666838839
"d.1335",-12.1705965306727
"d.1336",-12.0282575024317
"d.1337",-12.0560450413095
"d.1338",-12.1844650735443
"d.1339",-12.1529857407688
"d.1340",-12.0481853672401
"d.1341",-12.1810140829404
"d.1342",-12.0599504608632
"d.1343",-12.1670953825488
"d.1344",-11.9616790586299
"d.1345",-12.1635870142495
"d.1346",-11.8903544887426
"d.1347",-11.9702492598683
"d.1348",-2.74233512002358
"d.1349",-0.437566156591527
"d.1350",-0.526256980755484
"d.1351",-1.31168493436027
"d.1352",-1.18588480730518
"d.1353",-1.10607719774126
"d.1354",-12.0599523413019
"d.1355",-12.0830816336626
"d.1356",-12.02825626447
"d.1357",-12.1094073589575
"d.1358",-12.0362737508471
"d.1359",-12.1600660818901
"d.1360",-11.9573693643759
"d.1361",-12.1458509400102
"d.1362",-12.231543774111
"d.1363",-12.2015338527089
"d.1364",-12.2015333689635
"d.1365",-12.1019566605789
"d.1366",-12.2249530581633
"d.1367",-12.36654467453
"d.1368",-12.4141832428752
"d.1369",-12.1056886681605
"d.1370",-12.5376012772084
"d.1371",1.83026645661375
"d.1372",1.02388429671411
"d.1373",0.600520152803835
"d.1374",0.214086133319172
"d.1375",1.16661594350483
"d.1376",-11.9745071872911
"d.1377",-2.97658115043491
"d.1378",-1.77964602324865
"d.1379",-12.0161050279608
"d.1380",-1.59495040385668
"d.1381",-0.490581104017138
"d.1382",-0.73048226328499
"d.1383",-0.526258196379522
"d.1384",-1.31168522165684
"d.1385",-1.32497519545856
"d.1386",-2.69361767696966
"d.1387",-0.777932129948706
"d.1388",1.65306229625466
"d.1389",-0.773628655226736
"d.1390",-1.32056238362508
"d.1391",-1.60835439226044
"d.1392",-2.01837151957491
"d.1393",-2.72489204410204
"d.1394",-1.63897058050304
"d.1395",-0.124578033685414
"d.1396",-0.0512401032708563
"d.1397",-0.534747264881567
"d.1398",0.108307080859471
"d.1399",-0.635629197109394
"d.1400",-0.353382811029022
"d.1401",-2.68907010209628
"d.1402",0.487073032022151
"d.1403",-0.832349110648961
"d.1404",0.594457160166593
"d.1405",-0.559820134195171
"d.1406",-0.271231845446807
"d.1407",-2.69361830882273
"d.1408",-1.11043508793517
"d.1409",-2.00046126065517
"d.1410",-1.10607768875855
"d.1411",-1.61719543519125
"d.1412",-1.32056257848546
"d.1413",-2.00945381718779
"d.1414",-1.59943674533199
"d.1415",-0.0512376465279515
"d.1416",-0.773627864438435
"d.1417",-0.936570697582059
"d.1418",1.84811149813433
"d.1419",-11.8903492090567
"d.1420",1.46088299035823
"d.1421",1.17637631785427
"d.1422",2.01491330151661
"d.1423",1.94095488327845
"d.1424",2.13833211257374
"d.1425",1.41915261129587
"d.1426",2.30361883495262
"d.1427",2.44856109707947
"d.1428",1.52854808199781
"d.1429",0.564288996717663
"d.1430",1.80870648311657
"d.1431",1.1583019851007
"d.1432",2.47660603028519
"d.1433",2.11381645775722
"d.1434",1.46513705066089
"d.1435",0.477510749396059
"d.1436",1.83506963146636
"d.1437",-0.374826675851598
"d.1438",1.65786672790056
"d.1439",1.80197427433817
"d.1440",2.08071448141373
"d.1441",1.07373052268248
"d.1442",2.17716227229499
"d.1443",2.4002357255351
"d.1444",2.31629162334548
"d.1445",2.31934217052864
"d.1446",2.56414033486343
"d.1447",2.40230603612635
"d.1448",2.31271292588907
"d.1449",2.00292892050512
"d.1450",2.29301787397901
"d.1451",2.4793484451555
"d.1452",2.41315600764644
"d.1453",2.34678487923943
"d.1454",1.7975635846444
"d.1455",2.27499974856335
"d.1456",1.89144172783393
"d.1457",1.97920047421473
"d.1458",2.10365395249589
"d.1459",1.75422964073791
"d.1460",2.26687971079561
"d.1461",0.366343380577364
"d.1462",-0.950378833998194
"d.1463",0.84728422588233
"d.1464",1.96535557259696
"d.1465",1.90092004845196
"d.1466",1.94158234244463
"d.1467",1.65794379183411
"d.1468",2.33855577539528
"d.1469",2.25863184953457
"d.1470",2.17025738169319
"d.1471",1.41782526135196
"d.1472",1.68847305137931
"d.1473",0.94650275507204
"d.1474",1.29804471321075
"d.1475",1.12060057598461
"d.1476",0.369038562753445
"d.1477",-0.113062306590379
"d.1478",0.40152449972435
"d.1479",2.4040395329172
"d.1480",1.42034157483851
"d.1481",2.14610469058458
"d.1482",1.8724658958514
"d.1483",2.28254219585358
"d.1484",2.08606066985573
"d.1485",2.49615172663135
"d.1486",2.00475578368198
"d.1487",2.69619244836269
"d.1488",2.31896288173954
"d.1489",2.60557042727649
"d.1490",2.39406727639285
"d.1491",2.09666283986497
"d.1492",0.653489015263407
"d.1493",1.34430051066253
"d.1494",0.521111535868827
"d.1495",1.40905436060437
"d.1496",0.760094691609364
"d.1497",0.931496327489307
"d.1498",0.903939635460434
"d.1499",1.40842536071818
"d.1500",1.35893001971164
"d.1501",1.98729283065713
"d.1502",1.77512892671287
"d.1503",1.88034638801249
"d.1504",-1.47620344715304
"d.1505",0.98684481435642
"d.1506",1.89822171109038
"d.1507",2.45726515377675
"d.1508",1.84144703895577
"d.1509",1.76725590445514
"d.1510",1.79746758687582
"d.1511",1.91653646344896
"d.1512",2.03987265659039
"d.1513",2.05305944461384
"d.1514",-0.200817088849139
"d.1515",1.90310781341301
"d.1516",1.95411488189088
"d.1517",2.1210202054281
"d.1518",1.4932027395097
"d.1519",1.67376601212634
"d.1520",1.36344039111088
"d.1521",1.60220557690218
"d.1522",2.24600579188905
"d.1523",1.95490372450546
"d.1524",1.94762742230113
"d.1525",1.5021955322935
"d.1526",1.21558487524928
"d.1527",1.99534759544796
"d.1528",2.10168200711018
"d.1529",1.84045848666026
"d.1530",2.21801454234517
"d.1531",2.12322007651934
"d.1532",2.61692363998426
"d.1533",1.78318409565316
"d.1534",2.21966407731751
"d.1535",2.35499959561458
"d.1536",1.9144818289408
"d.1537",2.01312095910897
"d.1538",2.04546733924458
"d.1539",2.70449839771505
"d.1540",2.08455225877877
"d.1541",2.30660977719021
"d.1542",2.44470062450244
"d.1543",2.39243495782716
"d.1544",1.96088740199754
"d.1545",2.11214001097331
"d.1546",1.9018361474875
"d.1547",2.46684164673663
"d.1548",2.27242516787379
"d.1549",2.39064963360509
"d.1550",0.501859923115419
"d.1551",2.18366700098221
"d.1552",1.79705551584553
"d.1553",1.21907656469933
"d.1554",0.849412483869197
"d.1555",0.0889364391999792
"d.1556",2.27612981075284
"d.1557",1.00863699367699
"d.1558",-0.179603166521155
"d.1559",0.8938685756954
"d.1560",2.11687114420097
"d.1561",1.00647639455161
"d.1562",2.09431926568911
"d.1563",1.27389461317265
"d.1564",0.853802076249981
"d.1565",0.0468523575995334
"d.1566",1.39260840260184
"d.1567",2.2914238351282
"d.1568",1.80904925599559
"d.1569",2.43156550713352
"d.1570",2.17799044115235
"d.1571",2.2861952074062
"d.1572",1.96944334896519
"d.1573",2.23815160800063
"d.1574",2.46873604042661
"d.1575",1.9392605581107
"d.1576",1.71377779691605
"d.1577",2.54839472017559
"d.1578",2.39918824026955
"d.1579",2.32821868276717
"d.1580",1.40376315943067
"d.1581",2.51521168960276
"d.1582",2.48593610594858
"d.1583",2.46918100763128
"d.1584",2.35334532567113
"d.1585",1.78651678829873
"d.1586",1.59711132458662
"d.1587",2.51859085271887
"d.1588",0.580264500018332
"d.1589",0.659172896231933
"d.1590",1.3605479690143
"d.1591",0.186168162403591
"d.1592",0.436281930383649
"d.1593",-0.758921864272125
"d.1594",1.48744822873294
"d.1595",2.17111620282417
"d.1596",1.87060595618699
"d.1597",2.81757057780392
"d.1598",2.92931206270294
"d.1599",2.8532192125593
"d.1600",2.3437039404898
"d.1601",1.58628475628099
"d.1602",1.17407916335659
"d.1603",1.69864718775448
"d.1604",2.40417608045975
"d.1605",2.61351048099064
"d.1606",2.54411276595167
"d.1607",3.10530846877121
"d.1608",2.63045884821355
"d.1609",2.46937833249778
"d.1610",2.54359604572741
"d.1611",2.38048577222391
"d.1612",1.97097396115464
"d.1613",2.51917040592239
"d.1614",2.84208273142123
"d.1615",2.74367492951105
"d.1616",2.82237525662595
"d.1617",2.76728594059
"d.1618",2.52333872009021
"d.1619",2.17204812776494
"d.1620",1.86447970116301
"d.1621",1.61411245325692
"d.1622",2.46317649689488
"d.1623",2.68550136338523
"d.1624",1.58066630755328
"d.1625",0.229256915567845
"d.1626",-1.32056630034703
"d.1627",-0.108343634698528
"d.1628",0.347621789587555
"d.1629",-1.32936665669195
"d.1630",-0.940854467229626
"d.1631",-11.890351271173
"d.1632",0.597443827818961
"d.1633",-0.120537953730859
"d.1634",-1.31613842930769
"d.1635",0.306622523664229
"d.1636",1.04088407351269
"d.1637",0.210544240620943
"d.1638",0.516521086915469
"d.1639",1.45479996483695
"d.1640",1.22276185388529
"d.1641",1.29789711985992
"d.1642",0.935694912768141
"d.1643",1.25306355081794
"d.1644",0.75358396863487
"d.1645",0.98425256515987
"d.1646",0.70263197075267
"d.1647",1.25747659999291
"d.1648",1.19457720734905
"d.1649",0.935693857149025
"d.1650",0.668755267394611
"d.1651",0.625244352360442
"d.1652",-0.303456634582425
"d.1653",-12.0161061982455
"d.1654",-12.2670416714678
"d.1655",-2.89452903227253
"d.1656",-12.0079228824997
"d.1657",-12.0830816871416
"d.1658",0.0623532968956724
"d.1659",0.95514536510565
"d.1660",0.37919986771524
"d.1661",0.154987080119876
"d.1662",1.61881289698909
"d.1663",1.45035793712152
"d.1664",1.56170912126856
"d.1665",2.07825323887422
"d.1666",2.15829259894133
"d.1667",2.13909184943241
"d.1668",1.59508700184443
"d.1669",2.27116330625777
"d.1670",1.73067066986043
"d.1671",1.86546071499215
"d.1672",2.08536517096479
"d.1673",2.0089365482845
"d.1674",1.67912188528284
"d.1675",0.821527347807501
"d.1676",-0.644217064539752
"d.1677",-0.0102391669726587
"d.1678",1.6736568969366
"d.1679",1.71259889623409
"d.1680",2.06788370245867
"d.1681",1.11553095981613
"d.1682",1.27091974417311
"d.1683",1.47039152944114
"d.1684",1.8312573544767
"d.1685",1.73483708726796
"d.1686",1.89491271560029
"d.1687",1.68081653537889
"d.1688",0.919442601483049
"d.1689",1.71016744354832
"d.1690",2.19552309021829
"d.1691",1.55606403381752
"d.1692",1.50032650987043
"d.1693",2.13131625700254
"d.1694",2.42564173277734
"d.1695",2.44467070380482
"d.1696",2.14010508443249
"d.1697",1.50914564780815
"d.1698",2.11891766645197
"d.1699",2.35389438913174
"d.1700",2.39411526127275
"d.1701",2.32783735175672
"d.1702",1.93618855612269
"d.1703",2.45563902894229
"d.1704",2.23886913815219
"d.1705",2.30166838785449
"d.1706",2.12694719855906
"d.1707",2.06241122375474
"d.1708",2.39890322642326
"d.1709",2.30195221235275
"d.1710",2.53112091931203
"d.1711",2.05449282734448
"d.1712",2.133997956176
"d.1713",1.52790084554011
"d.1714",1.94492883869067
"d.1715",2.18434544639342
"d.1716",2.4562760720256
"d.1717",1.92832954025453
"d.1718",2.36592301903341
"d.1719",2.39546354378354
"d.1720",2.63462796981456
"d.1721",2.42023021858002
"d.1722",2.25619053270417
"d.1723",1.98101217796243
"d.1724",2.43702342195416
"d.1725",2.23750433145798
"d.1726",1.46170504247446
"d.1727",2.14768851959306
"d.1728",2.55230816036158
"d.1729",1.84211261171873
"d.1730",1.70338417417549
"d.1731",1.94567218304489
"d.1732",2.75030488304395
"d.1733",2.51441920331455
"d.1734",2.40773585345136
"d.1735",1.67659445733796
"d.1736",1.87604472982322
"d.1737",2.2298308115849
"d.1738",2.61071257889328
"d.1739",2.47432520232001
"d.1740",2.33052008788595
"d.1741",2.07178073849771
"d.1742",1.95548927715714
"d.1743",2.57968691230576
"d.1744",2.16704571035012
"d.1745",2.15854118366168
"d.1746",2.39727982637277
"d.1747",2.54762007671518
"d.1748",2.36423618440418
"d.1749",2.55579437824404
"d.1750",2.10362859309147
"d.1751",2.37349361364388
"d.1752",2.50787899276017
"d.1753",2.53904548742939
"d.1754",1.80789080429643
"d.1755",1.57176076821678
"d.1756",2.2274255664803
"d.1757",1.48745448951869
"d.1758",1.5108860341322
"d.1759",1.18299045236169
"d.1760",1.54830280349851
"d.1761",0.945390991476598
"d.1762",2.14763640613124
"d.1763",1.79036374605898
"d.1764",1.8148654367845
"d.1765",1.73428373714282
"d.1766",0.571924252110057
"d.1767",2.27795793043601
"d.1768",2.25187126895063
"d.1769",2.10897321818347
"d.1770",3.62627382888677
"d.1771",3.28445835750257
"d.1772",3.16020905600561
"d.1773",3.12131668541842
"d.1774",3.48707011360495
"d.1775",2.0176010694838
"d.1776",1.53502445452611
"d.1777",3.40331414999797
"d.1778",2.39022873645224
"d.1779",2.83011686564946
"d.1780",2.94734477633943
"d.1781",1.81576534383043
"d.1782",2.37315512382205
"d.1783",2.56123840633637
"d.1784",2.75511949896068
"d.1785",3.15058174672236
"d.1786",2.67998575700329
"d.1787",2.54575514734644
"d.1788",2.51405347524447
"d.1789",2.62537789243555
"d.1790",2.37205780553685
"d.1791",2.3812729019235
"d.1792",2.44333434882002
"d.1793",2.32689599604364
"d.1794",3.03229258376421
"d.1795",2.87077288566458
"d.1796",2.88942388025318
"d.1797",2.52379679916389
"d.1798",2.29144060315213
"d.1799",2.49746934557359
"d.1800",2.27944684692463
"d.1801",2.62438248354627
"d.1802",2.2132924621125
"d.1803",2.01598691660425
"d.1804",1.83060540633128
"d.1805",2.33734003485599
"d.1806",1.84669926585557
"d.1807",1.86242762719913
"d.1808",3.17308043763233
"d.1809",2.54360768649324
"d.1810",1.53781076323343
"d.1811",1.26169040566956
"d.1812",0.259722507983555
"d.1813",2.03669860851978
"d.1814",2.62357170202402
"d.1815",2.5175923729261
"d.1816",2.83789088515191
"d.1817",2.93108501674855
"d.1818",1.86568356256168
"d.1819",2.35501077756814
"d.1820",2.33318582885372
"d.1821",2.40740047881257
"d.1822",1.13376156756318
"d.1823",2.80418029109866
"d.1824",2.03509990710897
"d.1825",2.82013854185689
"d.1826",1.36575301324945
"d.1827",1.78633642513857
"d.1828",2.42960028581705
"d.1829",2.273644514827
"d.1830",2.78039918687416
"d.1831",3.20833586629878
"d.1832",2.01477686504793
"d.1833",2.32233452814163
"d.1834",3.07873312949266
"d.1835",2.78272737632926
"d.1836",2.42174042086165
"d.1837",2.22838453317291
"d.1838",2.51149098329879
"d.1839",2.50133839064658
"d.1840",2.61210939035069
"d.1841",2.67740559407497
"d.1842",2.31778519447784
"d.1843",2.50362846870502
"d.1844",2.79868581940416
"d.1845",2.47031156236151
"d.1846",2.47087835590693
"d.1847",2.6052559347989
"d.1848",2.84016147353504
"d.1849",2.87527713841296
"d.1850",2.62453769168011
"d.1851",1.7306877848331
"d.1852",3.53895376679724
"d.1853",2.80178143884938
"d.1854",1.30087774240455
"d.1855",2.184496821211
"d.1856",2.56775936720178
"d.1857",2.48964845711274
"d.1858",1.43937610935221
"d.1859",-1.12767449324323
"d.1860",2.72487423159236
"d.1861",2.32696464252116
"d.1862",1.71578548569068
"d.1863",1.85629109383601
"d.1864",2.36505039891742
"d.1865",2.67051950557469
"d.1866",2.03648070418284
"d.1867",2.3423058920768
"d.1868",2.36777472396846
"d.1869",2.13926535715647
"d.1870",2.26080965003121
"d.1871",2.46608938080261
"d.1872",3.0302414851722
"d.1873",2.44755661243313
"d.1874",2.08061048542337
"d.1875",1.50537281615307
"d.1876",2.40167063500656
"d.1877",2.65670726418925
"d.1878",1.95792879351286
"d.1879",2.77298311257392
"d.1880",2.28032846615169
"d.1881",1.03627994750219
"d.1882",2.28006812307177
"d.1883",1.79895550343914
"d.1884",1.91497220885645
"d.1885",1.11595547805271
"d.1886",2.11360398087919
"d.1887",2.16293378293998
"d.1888",1.29606500236319
"d.1889",2.01791193382969
"d.1890",2.6133760894238
"d.1891",1.76676495221118
"d.1892",0.642535539147913
"d.1893",2.19727041649139
"d.1894",2.34118841836979
"d.1895",3.50921561577404
"d.1896",2.00846765231629
"d.1897",2.21191571162851
"d.1898",1.74157439275978
"d.1899",2.68158182950717
"d.1900",2.6840475829369
"d.1901",1.14296366112288
"d.1902",1.79159012850285
"d.1903",0.626250560180006
"d.1904",2.66977933170316
"d.1905",2.39028731565856
"d.1906",2.48719994127993
"d.1907",1.66780435568817
"d.1908",2.26831405831619
"d.1909",1.64833902547001
"d.1910",2.59424941265521
"d.1911",2.77056422476514
"d.1912",2.8750957815643
"d.1913",2.17991561452159
"d.1914",2.1081329318483
"d.1915",2.50006822052134
"d.1916",2.29433871225598
"d.1917",2.53952822068358
"d.1918",2.83426932104144
"d.1919",2.45689507414554
"d.1920",2.75401795795621
"d.1921",0.772914760877853
"d.1922",5.93819128431094
